TRUNCATE TABLE Address RESTART IDENTITY CASCADE;
TRUNCATE TABLE BillingShipping RESTART IDENTITY CASCADE;
TRUNCATE TABLE Customer RESTART IDENTITY CASCADE;
TRUNCATE TABLE Owner RESTART IDENTITY CASCADE;
TRUNCATE TABLE CustomerOrder RESTART IDENTITY CASCADE;
TRUNCATE TABLE Book CASCADE;
TRUNCATE TABLE SoldBooks CASCADE;
TRUNCATE TABLE StoreOrder RESTART IDENTITY CASCADE;
TRUNCATE TABLE OrderedBooks CASCADE;
TRUNCATE TABLE Author CASCADE;
TRUNCATE TABLE Publisher RESTART IDENTITY CASCADE;
TRUNCATE TABLE Makes CASCADE;
TRUNCATE TABLE PhoneNumber CASCADE;

INSERT INTO Address(street, streetNumber, postalCode, province, country) VALUES('Burrito', 2, 'K2L3MK', 'ON', 'Canada');
INSERT INTO Address(street, streetNumber, postalCode, province, country) VALUES('Sock', 122, 'K2L4MK', 'ON', 'Canada');
INSERT INTO Address(street, streetNumber, postalCode, province, country) VALUES('Shawarma', 211, 'K2Q3MK', 'ON', 'Canada');
INSERT INTO Address(street, streetNumber, postalCode, province, country) VALUES('Mink', 178, 'K2L3OK', 'ON', 'Canada');
INSERT INTO Address(street, streetNumber, postalCode, province, country) VALUES('Addy', 17123, 'O2L3OK', 'AB', 'Canada');
INSERT INTO Address(street, streetNumber, postalCode, province, country) VALUES('Cool', 4325, 'K2D3OK', 'ON', 'Canada');

INSERT INTO BillingShipping(creditCardName, creditCardNumber, cvv, expiry, billingAddressID, shippingAddressID) VALUES('Bean Beaner', 123456789, 123, 1023, 1, 2);
INSERT INTO BillingShipping(creditCardName, creditCardNumber, cvv, expiry, billingAddressID, shippingAddressID) VALUES('Jane Jog', 943287432, 234, 1123, 3, 4);

INSERT INTO Customer(name, email, password, BSID) VALUES('Bean Burrito', 'bean@gmail.com', 'bean', 1);
INSERT INTO Customer(name, email, password, BSID) VALUES('Beat Meat', 'beat@gmail.com', 'beat', 2);
INSERT INTO Customer(name, email, password, BSID) VALUES('Quick Tester', 'a', 'a', 2);

INSERT INTO Owner (name, email, password) VALUES ('Owner Pwner', 'owner@gmail.com', 'owner');

INSERT INTO Book (ISBN, title, genre, numPages, price, cost, stock, display) VALUES (12345, 'To Kill A Bean', 'Action', 100, 1000, 500, 15, TRUE);
insert into Book (ISBN, title, genre, numPages, price, cost, stock, display) values (946983, 'Pumping Iron', 'Documentary', 2573, 7852, 955, 465, true);
insert into Book (ISBN, title, genre, numPages, price, cost, stock, display) values (218993, 'Death Defying Acts', 'Thriller', 4500, 8490, 344, 901, false);
insert into Book (ISBN, title, genre, numPages, price, cost, stock, display) values (82617, 'Gunbuster (Top wo Narae)', 'Drama', 613, 7413, 487, 641, true);
insert into Book (ISBN, title, genre, numPages, price, cost, stock, display) values (805414, 'Rain or Shine', 'Romance', 2777, 5647, 449, 459, true);
insert into Book (ISBN, title, genre, numPages, price, cost, stock, display) values (253919, 'Allegro non troppo', 'Fantasy', 5431, 4291, 744, 530, true);
insert into Book (ISBN, title, genre, numPages, price, cost, stock, display) values (539880, 'Loins of Punjab Presents', 'Comedy', 3692, 8431, 981, 622, false);
insert into Book (ISBN, title, genre, numPages, price, cost, stock, display) values (456676, 'Ripe', 'Drama', 116, 9220, 336, 712, true);
insert into Book (ISBN, title, genre, numPages, price, cost, stock, display) values (185962, 'Big Chill, The', 'Drama', 5162, 7454, 630, 29, false);
insert into Book (ISBN, title, genre, numPages, price, cost, stock, display) values (435077, 'Daddy Long Legs', 'Comedy', 786, 9964, 767, 757, true);
insert into Book (ISBN, title, genre, numPages, price, cost, stock, display) values (370245, 'I Never Sang for My Father', 'Drama', 1990, 9270, 490, 767, false);
insert into Book (ISBN, title, genre, numPages, price, cost, stock, display) values (936178, 'City, The (Ciudad, La)', 'Drama', 7777, 9325, 856, 881, true);
insert into Book (ISBN, title, genre, numPages, price, cost, stock, display) values (815824, 'Ink', 'Sci-Fi', 4309, 7914, 248, 76, false);
insert into Book (ISBN, title, genre, numPages, price, cost, stock, display) values (580952, 'Super', 'Drama', 6415, 5013, 468, 54, false);
insert into Book (ISBN, title, genre, numPages, price, cost, stock, display) values (192399, 'Forever Young', 'Sci-Fi', 3669, 9080, 300, 683, false);
insert into Book (ISBN, title, genre, numPages, price, cost, stock, display) values (651756, 'Electric Horseman, The', 'Western', 8584, 1161, 579, 720, true);
insert into Book (ISBN, title, genre, numPages, price, cost, stock, display) values (942610, 'Earth Days', 'Documentary', 4936, 2150, 669, 328, true);
insert into Book (ISBN, title, genre, numPages, price, cost, stock, display) values (660413, 'Snowbeast', 'Horror', 6451, 3046, 452, 504, false);
insert into Book (ISBN, title, genre, numPages, price, cost, stock, display) values (831069, 'Chapter Two', 'Romance', 289, 7661, 188, 459, false);
insert into Book (ISBN, title, genre, numPages, price, cost, stock, display) values (843580, 'Hesher', 'Drama', 5644, 3041, 476, 950, false);
insert into Book (ISBN, title, genre, numPages, price, cost, stock, display) values (153822, 'Story of Film: An Odyssey, The', 'Documentary', 7551, 9986, 749, 121, false);

insert into Publisher (name, email, bankingAccount, addressID) values ('Johnson Corp', 'johnson@corp.com', 'ACC12345', 5);
insert into Publisher (name, email, bankingAccount, addressID) values ('Penguin Corp', 'penguin@penguino.com', 'ACC456788', 6);

insert into Makes (ISBN, publisherID) values (12345, 1);
insert into Makes (ISBN, publisherID) values (946983, 1);
insert into Makes (ISBN, publisherID) values (218993, 1);
insert into Makes (ISBN, publisherID) values (82617, 1);
insert into Makes (ISBN, publisherID) values (805414, 1);
insert into Makes (ISBN, publisherID) values (253919, 1);
insert into Makes (ISBN, publisherID) values (539880, 1);
insert into Makes (ISBN, publisherID) values (456676, 1);
insert into Makes (ISBN, publisherID) values (185962, 1);
insert into Makes (ISBN, publisherID) values (435077, 1);
insert into Makes (ISBN, publisherID) values (370245, 2);
insert into Makes (ISBN, publisherID) values (936178, 2);
insert into Makes (ISBN, publisherID) values (815824, 2);
insert into Makes (ISBN, publisherID) values (580952, 2);
insert into Makes (ISBN, publisherID) values (192399, 2);
insert into Makes (ISBN, publisherID) values (651756, 2);
insert into Makes (ISBN, publisherID) values (942610, 2);
insert into Makes (ISBN, publisherID) values (660413, 2);
insert into Makes (ISBN, publisherID) values (831069, 2);
insert into Makes (ISBN, publisherID) values (843580, 2);
insert into Makes (ISBN, publisherID) values (153822, 2);

insert into PhoneNumber (phoneNumber, publisherID) values ('(123) 456-7890', 1);
insert into PhoneNumber (phoneNumber, publisherID) values ('(124) 996-1190', 2);

insert into Author (name, isbn) values ('Timothy Joe', 12345);
insert into Author (name, isbn) values ('John Jimmies', 12345);
insert into Author (name, isbn) values ('John Jimmies', 946983);
insert into Author (name, isbn) values ('John Jimmies', 218993);
insert into Author (name, isbn) values ('Tommy Jenkins', 82617);
insert into Author (name, isbn) values ('Tommy Jenkins', 805414);
insert into Author (name, isbn) values ('Tommy Jenkins', 253919);
insert into Author (name, isbn) values ('Jimothy Jenkins', 539880);
insert into Author (name, isbn) values ('Jimothy Jenkins', 456676);
insert into Author (name, isbn) values ('Samantha Ploop', 456676);

-- insert some CustomerOrder

insert into CustomerOrder (trackingNumber, date, total, completed, BSID, customerID) values (4755, '2021-09-13 23:43:25', 0, true, 1, 3);
insert into CustomerOrder (trackingNumber, date, total, completed, BSID, customerID) values (4299, '2021-10-12 12:50:00', 0, false, 1, 2);
insert into CustomerOrder (trackingNumber, date, total, completed, BSID, customerID) values (7195, '2021-07-26 15:55:33', 0, true, 1, 3);
insert into CustomerOrder (trackingNumber, date, total, completed, BSID, customerID) values (3509, '2021-10-04 03:47:27', 0, true, 2, 1);
insert into CustomerOrder (trackingNumber, date, total, completed, BSID, customerID) values (9570, '2021-07-07 03:44:10', 0, true, 2, 2);
insert into CustomerOrder (trackingNumber, date, total, completed, BSID, customerID) values (1421, '2021-02-16 20:35:36', 0, true, 1, 1);
insert into CustomerOrder (trackingNumber, date, total, completed, BSID, customerID) values (3119, '2021-01-13 05:08:36', 0, false, 2, 1);
insert into CustomerOrder (trackingNumber, date, total, completed, BSID, customerID) values (8670, '2021-02-18 06:57:52', 0, true, 2, 1);
insert into CustomerOrder (trackingNumber, date, total, completed, BSID, customerID) values (3379, '2021-07-03 02:25:15', 0, false, 1, 2);
insert into CustomerOrder (trackingNumber, date, total, completed, BSID, customerID) values (6205, '2020-12-20 19:01:52', 0, true, 2, 1);
insert into CustomerOrder (trackingNumber, date, total, completed, BSID, customerID) values (8553, '2021-10-13 22:30:55', 0, false, 1, 1);
insert into CustomerOrder (trackingNumber, date, total, completed, BSID, customerID) values (1375, '2021-05-27 19:05:02', 0, true, 2, 1);
insert into CustomerOrder (trackingNumber, date, total, completed, BSID, customerID) values (1713, '2021-03-31 06:33:22', 0, true, 1, 1);
insert into CustomerOrder (trackingNumber, date, total, completed, BSID, customerID) values (8100, '2021-01-17 17:44:41', 0, true, 2, 2);
insert into CustomerOrder (trackingNumber, date, total, completed, BSID, customerID) values (3927, '2021-01-19 07:29:34', 0, false, 2, 3);
insert into CustomerOrder (trackingNumber, date, total, completed, BSID, customerID) values (5640, '2021-10-18 00:58:41', 0, true, 2, 3);
insert into CustomerOrder (trackingNumber, date, total, completed, BSID, customerID) values (9709, '2021-01-09 23:51:39', 0, true, 2, 2);
insert into CustomerOrder (trackingNumber, date, total, completed, BSID, customerID) values (5213, '2021-07-05 09:51:59', 0, false, 1, 1);
insert into CustomerOrder (trackingNumber, date, total, completed, BSID, customerID) values (3374, '2021-05-14 00:20:04', 0, false, 1, 1);
insert into CustomerOrder (trackingNumber, date, total, completed, BSID, customerID) values (4121, '2021-10-09 22:57:09', 0, false, 2, 1);
insert into CustomerOrder (trackingNumber, date, total, completed, BSID, customerID) values (9808, '2021-05-08 17:54:49', 0, true, 1, 3);
insert into CustomerOrder (trackingNumber, date, total, completed, BSID, customerID) values (3587, '2021-05-18 00:02:44', 0, true, 2, 1);
insert into CustomerOrder (trackingNumber, date, total, completed, BSID, customerID) values (6164, '2021-11-10 00:39:50', 0, false, 2, 3);
insert into CustomerOrder (trackingNumber, date, total, completed, BSID, customerID) values (2876, '2021-04-17 06:49:05', 0, true, 2, 2);
insert into CustomerOrder (trackingNumber, date, total, completed, BSID, customerID) values (4914, '2021-03-21 02:53:26', 0, true, 2, 2);
insert into CustomerOrder (trackingNumber, date, total, completed, BSID, customerID) values (8439, '2021-06-17 20:23:15', 0, true, 1, 1);
insert into CustomerOrder (trackingNumber, date, total, completed, BSID, customerID) values (9610, '2021-08-05 18:07:03', 0, true, 2, 1);
insert into CustomerOrder (trackingNumber, date, total, completed, BSID, customerID) values (1848, '2021-10-27 12:58:45', 0, true, 1, 2);
insert into CustomerOrder (trackingNumber, date, total, completed, BSID, customerID) values (4442, '2021-02-13 11:54:02', 0, true, 2, 1);
insert into CustomerOrder (trackingNumber, date, total, completed, BSID, customerID) values (7893, '2021-01-15 13:31:44', 0, false, 2, 2);
insert into CustomerOrder (trackingNumber, date, total, completed, BSID, customerID) values (7801, '2021-03-02 04:03:58', 0, true, 2, 2);
insert into CustomerOrder (trackingNumber, date, total, completed, BSID, customerID) values (5799, '2021-11-08 18:39:17', 0, true, 2, 2);
insert into CustomerOrder (trackingNumber, date, total, completed, BSID, customerID) values (1826, '2021-02-05 17:54:07', 0, true, 1, 1);
insert into CustomerOrder (trackingNumber, date, total, completed, BSID, customerID) values (5685, '2021-03-01 05:24:03', 0, true, 1, 3);
insert into CustomerOrder (trackingNumber, date, total, completed, BSID, customerID) values (5261, '2021-07-04 20:53:30', 0, true, 2, 2);
insert into CustomerOrder (trackingNumber, date, total, completed, BSID, customerID) values (9840, '2021-08-18 20:19:56', 0, true, 1, 2);
insert into CustomerOrder (trackingNumber, date, total, completed, BSID, customerID) values (4568, '2020-12-23 09:32:33', 0, true, 2, 2);
insert into CustomerOrder (trackingNumber, date, total, completed, BSID, customerID) values (8450, '2021-07-30 18:04:05', 0, true, 2, 3);
insert into CustomerOrder (trackingNumber, date, total, completed, BSID, customerID) values (1793, '2021-10-04 15:47:36', 0, true, 2, 3);
insert into CustomerOrder (trackingNumber, date, total, completed, BSID, customerID) values (2982, '2021-03-31 11:20:17', 0, true, 2, 1);
insert into CustomerOrder (trackingNumber, date, total, completed, BSID, customerID) values (4304, '2021-11-24 11:23:41', 0, true, 1, 1);
insert into CustomerOrder (trackingNumber, date, total, completed, BSID, customerID) values (3894, '2021-07-15 19:25:59', 0, true, 1, 2);
insert into CustomerOrder (trackingNumber, date, total, completed, BSID, customerID) values (5647, '2020-12-26 23:05:36', 0, true, 1, 1);
insert into CustomerOrder (trackingNumber, date, total, completed, BSID, customerID) values (9456, '2021-04-11 20:30:28', 0, true, 1, 1);
insert into CustomerOrder (trackingNumber, date, total, completed, BSID, customerID) values (3246, '2021-09-21 22:19:40', 0, true, 2, 1);
insert into CustomerOrder (trackingNumber, date, total, completed, BSID, customerID) values (1187, '2021-04-28 16:53:44', 0, true, 2, 2);
insert into CustomerOrder (trackingNumber, date, total, completed, BSID, customerID) values (4513, '2021-05-04 21:58:53', 0, true, 1, 2);
insert into CustomerOrder (trackingNumber, date, total, completed, BSID, customerID) values (8798, '2021-07-24 11:34:27', 0, true, 2, 1);
insert into CustomerOrder (trackingNumber, date, total, completed, BSID, customerID) values (5482, '2021-05-23 12:43:58', 0, true, 1, 1);
insert into CustomerOrder (trackingNumber, date, total, completed, BSID, customerID) values (7895, '2021-09-05 11:25:02', 0, true, 1, 3);
insert into CustomerOrder (trackingNumber, date, total, completed, BSID, customerID) values (7709, '2021-09-22 16:45:17', 0, true, 2, 2);
insert into CustomerOrder (trackingNumber, date, total, completed, BSID, customerID) values (2724, '2021-05-02 16:10:07', 0, true, 2, 2);
insert into CustomerOrder (trackingNumber, date, total, completed, BSID, customerID) values (5942, '2020-12-19 07:28:48', 0, true, 2, 1);
insert into CustomerOrder (trackingNumber, date, total, completed, BSID, customerID) values (8776, '2021-11-29 14:15:41', 0, true, 1, 1);
insert into CustomerOrder (trackingNumber, date, total, completed, BSID, customerID) values (3785, '2021-01-24 23:37:57', 0, true, 1, 1);
insert into CustomerOrder (trackingNumber, date, total, completed, BSID, customerID) values (7140, '2021-09-28 06:13:05', 0, true, 2, 2);
insert into CustomerOrder (trackingNumber, date, total, completed, BSID, customerID) values (3266, '2021-09-05 13:54:28', 0, true, 1, 2);
insert into CustomerOrder (trackingNumber, date, total, completed, BSID, customerID) values (6109, '2020-12-23 16:15:19', 0, true, 2, 1);
insert into CustomerOrder (trackingNumber, date, total, completed, BSID, customerID) values (8607, '2020-12-09 13:57:19', 0, true, 1, 2);
insert into CustomerOrder (trackingNumber, date, total, completed, BSID, customerID) values (9293, '2021-03-24 20:45:27', 0, true, 1, 2);
insert into CustomerOrder (trackingNumber, date, total, completed, BSID, customerID) values (8330, '2021-01-12 12:24:58', 0, false, 1, 2);
insert into CustomerOrder (trackingNumber, date, total, completed, BSID, customerID) values (5280, '2021-08-13 10:24:04', 0, true, 2, 2);
insert into CustomerOrder (trackingNumber, date, total, completed, BSID, customerID) values (6772, '2021-10-11 09:10:42', 0, true, 2, 2);
insert into CustomerOrder (trackingNumber, date, total, completed, BSID, customerID) values (9455, '2021-04-26 06:30:38', 0, true, 2, 3);
insert into CustomerOrder (trackingNumber, date, total, completed, BSID, customerID) values (5812, '2021-04-28 17:33:40', 0, false, 2, 3);
insert into CustomerOrder (trackingNumber, date, total, completed, BSID, customerID) values (5927, '2021-02-09 23:58:35', 0, true, 2, 1);
insert into CustomerOrder (trackingNumber, date, total, completed, BSID, customerID) values (9837, '2020-12-11 18:13:11', 0, true, 1, 3);
insert into CustomerOrder (trackingNumber, date, total, completed, BSID, customerID) values (3389, '2021-11-20 00:32:31', 0, true, 2, 1);
insert into CustomerOrder (trackingNumber, date, total, completed, BSID, customerID) values (7997, '2021-02-19 20:24:29', 0, true, 1, 1);
insert into CustomerOrder (trackingNumber, date, total, completed, BSID, customerID) values (6136, '2021-03-18 07:10:14', 0, true, 2, 3);
insert into CustomerOrder (trackingNumber, date, total, completed, BSID, customerID) values (3004, '2021-01-15 12:27:28', 0, false, 1, 1);
insert into CustomerOrder (trackingNumber, date, total, completed, BSID, customerID) values (4742, '2021-02-20 05:10:42', 0, false, 2, 2);
insert into CustomerOrder (trackingNumber, date, total, completed, BSID, customerID) values (3437, '2021-03-07 00:52:38', 0, true, 1, 2);
insert into CustomerOrder (trackingNumber, date, total, completed, BSID, customerID) values (4994, '2021-04-02 09:30:50', 0, true, 2, 3);
insert into CustomerOrder (trackingNumber, date, total, completed, BSID, customerID) values (7092, '2021-07-10 22:42:32', 0, true, 2, 2);
insert into CustomerOrder (trackingNumber, date, total, completed, BSID, customerID) values (6263, '2020-12-20 10:59:00', 0, true, 2, 2);
insert into CustomerOrder (trackingNumber, date, total, completed, BSID, customerID) values (7874, '2021-07-24 09:02:49', 0, true, 1, 1);
insert into CustomerOrder (trackingNumber, date, total, completed, BSID, customerID) values (2800, '2021-01-11 02:53:12', 0, true, 1, 3);
insert into CustomerOrder (trackingNumber, date, total, completed, BSID, customerID) values (9922, '2021-10-21 16:41:08', 0, false, 2, 3);
insert into CustomerOrder (trackingNumber, date, total, completed, BSID, customerID) values (8085, '2021-09-11 13:31:36', 0, true, 1, 2);
insert into CustomerOrder (trackingNumber, date, total, completed, BSID, customerID) values (4922, '2020-12-22 21:39:55', 0, false, 2, 3);
insert into CustomerOrder (trackingNumber, date, total, completed, BSID, customerID) values (8388, '2021-10-30 17:32:47', 0, true, 2, 2);
insert into CustomerOrder (trackingNumber, date, total, completed, BSID, customerID) values (9434, '2021-01-20 01:45:00', 0, true, 2, 1);
insert into CustomerOrder (trackingNumber, date, total, completed, BSID, customerID) values (7215, '2021-05-02 03:08:45', 0, true, 1, 3);
insert into CustomerOrder (trackingNumber, date, total, completed, BSID, customerID) values (9297, '2021-05-14 11:21:09', 0, true, 2, 2);
insert into CustomerOrder (trackingNumber, date, total, completed, BSID, customerID) values (9824, '2021-06-26 18:44:05', 0, true, 2, 1);
insert into CustomerOrder (trackingNumber, date, total, completed, BSID, customerID) values (4735, '2021-07-16 09:06:42', 0, true, 1, 1);
insert into CustomerOrder (trackingNumber, date, total, completed, BSID, customerID) values (8256, '2021-07-09 14:47:38', 0, true, 1, 2);
insert into CustomerOrder (trackingNumber, date, total, completed, BSID, customerID) values (5910, '2021-05-09 09:41:39', 0, true, 1, 2);
insert into CustomerOrder (trackingNumber, date, total, completed, BSID, customerID) values (1739, '2021-09-05 05:08:16', 0, true, 2, 2);
insert into CustomerOrder (trackingNumber, date, total, completed, BSID, customerID) values (5079, '2021-09-13 01:01:32', 0, true, 1, 2);
insert into CustomerOrder (trackingNumber, date, total, completed, BSID, customerID) values (4228, '2021-11-08 18:04:23', 0, true, 1, 2);
insert into CustomerOrder (trackingNumber, date, total, completed, BSID, customerID) values (1665, '2021-01-24 15:01:01', 0, true, 1, 3);
insert into CustomerOrder (trackingNumber, date, total, completed, BSID, customerID) values (5454, '2021-02-09 08:02:15', 0, true, 2, 2);
insert into CustomerOrder (trackingNumber, date, total, completed, BSID, customerID) values (7077, '2021-12-06 02:11:49', 0, true, 2, 3);
insert into CustomerOrder (trackingNumber, date, total, completed, BSID, customerID) values (5680, '2021-11-29 05:05:02', 0, true, 2, 3);
insert into CustomerOrder (trackingNumber, date, total, completed, BSID, customerID) values (3884, '2021-07-01 16:42:08', 0, false, 1, 2);
insert into CustomerOrder (trackingNumber, date, total, completed, BSID, customerID) values (9283, '2020-12-30 10:26:34', 0, true, 1, 1);
insert into CustomerOrder (trackingNumber, date, total, completed, BSID, customerID) values (4701, '2021-06-05 17:35:25', 0, true, 1, 3);
insert into CustomerOrder (trackingNumber, date, total, completed, BSID, customerID) values (4086, '2021-04-29 16:18:18', 0, false, 1, 2);

-- insert some sold books for that

insert into SoldBooks (quantity, customerOrderID, ISBN) values (75, 46, 82617);
insert into SoldBooks (quantity, customerOrderID, ISBN) values (5, 57, 805414);
insert into SoldBooks (quantity, customerOrderID, ISBN) values (51, 71, 12345);
insert into SoldBooks (quantity, customerOrderID, ISBN) values (100, 70, 805414);
insert into SoldBooks (quantity, customerOrderID, ISBN) values (97, 13, 185962);
insert into SoldBooks (quantity, customerOrderID, ISBN) values (85, 24, 946983);
insert into SoldBooks (quantity, customerOrderID, ISBN) values (78, 69, 218993);
insert into SoldBooks (quantity, customerOrderID, ISBN) values (42, 74, 82617);
insert into SoldBooks (quantity, customerOrderID, ISBN) values (46, 89, 942610);
insert into SoldBooks (quantity, customerOrderID, ISBN) values (20, 46, 946983);
insert into SoldBooks (quantity, customerOrderID, ISBN) values (39, 73, 942610);
insert into SoldBooks (quantity, customerOrderID, ISBN) values (9, 57, 435077);
insert into SoldBooks (quantity, customerOrderID, ISBN) values (73, 42, 946983);
insert into SoldBooks (quantity, customerOrderID, ISBN) values (41, 39, 153822);
insert into SoldBooks (quantity, customerOrderID, ISBN) values (19, 9, 805414);
insert into SoldBooks (quantity, customerOrderID, ISBN) values (57, 61, 805414);
insert into SoldBooks (quantity, customerOrderID, ISBN) values (62, 71, 580952);
insert into SoldBooks (quantity, customerOrderID, ISBN) values (67, 28, 192399);
insert into SoldBooks (quantity, customerOrderID, ISBN) values (79, 3, 660413);
insert into SoldBooks (quantity, customerOrderID, ISBN) values (94, 37, 805414);
insert into SoldBooks (quantity, customerOrderID, ISBN) values (20, 16, 456676);
insert into SoldBooks (quantity, customerOrderID, ISBN) values (100, 78, 660413);
insert into SoldBooks (quantity, customerOrderID, ISBN) values (76, 75, 82617);
insert into SoldBooks (quantity, customerOrderID, ISBN) values (98, 9, 651756);
insert into SoldBooks (quantity, customerOrderID, ISBN) values (99, 20, 435077);
insert into SoldBooks (quantity, customerOrderID, ISBN) values (38, 72, 942610);
insert into SoldBooks (quantity, customerOrderID, ISBN) values (88, 76, 82617);
insert into SoldBooks (quantity, customerOrderID, ISBN) values (64, 82, 185962);
insert into SoldBooks (quantity, customerOrderID, ISBN) values (22, 19, 936178);
insert into SoldBooks (quantity, customerOrderID, ISBN) values (89, 82, 946983);
insert into SoldBooks (quantity, customerOrderID, ISBN) values (36, 72, 831069);
insert into SoldBooks (quantity, customerOrderID, ISBN) values (17, 17, 805414);
insert into SoldBooks (quantity, customerOrderID, ISBN) values (99, 66, 805414);
insert into SoldBooks (quantity, customerOrderID, ISBN) values (44, 90, 370245);
insert into SoldBooks (quantity, customerOrderID, ISBN) values (82, 72, 539880);
insert into SoldBooks (quantity, customerOrderID, ISBN) values (74, 77, 12345);
insert into SoldBooks (quantity, customerOrderID, ISBN) values (63, 52, 185962);
insert into SoldBooks (quantity, customerOrderID, ISBN) values (82, 87, 580952);
insert into SoldBooks (quantity, customerOrderID, ISBN) values (19, 63, 942610);
insert into SoldBooks (quantity, customerOrderID, ISBN) values (56, 40, 651756);
insert into SoldBooks (quantity, customerOrderID, ISBN) values (37, 4, 942610);
insert into SoldBooks (quantity, customerOrderID, ISBN) values (40, 88, 82617);
insert into SoldBooks (quantity, customerOrderID, ISBN) values (21, 70, 253919);
insert into SoldBooks (quantity, customerOrderID, ISBN) values (61, 24, 12345);
insert into SoldBooks (quantity, customerOrderID, ISBN) values (85, 72, 192399);
insert into SoldBooks (quantity, customerOrderID, ISBN) values (46, 56, 456676);
insert into SoldBooks (quantity, customerOrderID, ISBN) values (5, 23, 651756);
insert into SoldBooks (quantity, customerOrderID, ISBN) values (21, 77, 218993);
insert into SoldBooks (quantity, customerOrderID, ISBN) values (86, 92, 936178);
insert into SoldBooks (quantity, customerOrderID, ISBN) values (49, 96, 539880);
insert into SoldBooks (quantity, customerOrderID, ISBN) values (49, 27, 370245);
insert into SoldBooks (quantity, customerOrderID, ISBN) values (21, 13, 192399);
insert into SoldBooks (quantity, customerOrderID, ISBN) values (3, 77, 843580);
insert into SoldBooks (quantity, customerOrderID, ISBN) values (22, 30, 936178);
insert into SoldBooks (quantity, customerOrderID, ISBN) values (83, 85, 942610);
insert into SoldBooks (quantity, customerOrderID, ISBN) values (7, 44, 580952);
insert into SoldBooks (quantity, customerOrderID, ISBN) values (79, 44, 843580);
insert into SoldBooks (quantity, customerOrderID, ISBN) values (65, 63, 815824);
insert into SoldBooks (quantity, customerOrderID, ISBN) values (64, 48, 660413);
insert into SoldBooks (quantity, customerOrderID, ISBN) values (16, 21, 946983);
insert into SoldBooks (quantity, customerOrderID, ISBN) values (60, 51, 831069);
insert into SoldBooks (quantity, customerOrderID, ISBN) values (20, 83, 580952);
insert into SoldBooks (quantity, customerOrderID, ISBN) values (88, 36, 253919);
insert into SoldBooks (quantity, customerOrderID, ISBN) values (65, 72, 370245);
insert into SoldBooks (quantity, customerOrderID, ISBN) values (3, 7, 942610);
insert into SoldBooks (quantity, customerOrderID, ISBN) values (28, 53, 942610);
insert into SoldBooks (quantity, customerOrderID, ISBN) values (60, 78, 253919);
insert into SoldBooks (quantity, customerOrderID, ISBN) values (71, 71, 370245);
insert into SoldBooks (quantity, customerOrderID, ISBN) values (87, 2, 539880);
insert into SoldBooks (quantity, customerOrderID, ISBN) values (57, 65, 660413);
insert into SoldBooks (quantity, customerOrderID, ISBN) values (73, 50, 651756);
insert into SoldBooks (quantity, customerOrderID, ISBN) values (87, 16, 253919);
insert into SoldBooks (quantity, customerOrderID, ISBN) values (89, 97, 12345);
insert into SoldBooks (quantity, customerOrderID, ISBN) values (1, 62, 936178);
insert into SoldBooks (quantity, customerOrderID, ISBN) values (90, 83, 370245);
insert into SoldBooks (quantity, customerOrderID, ISBN) values (31, 74, 185962);
insert into SoldBooks (quantity, customerOrderID, ISBN) values (75, 66, 370245);
insert into SoldBooks (quantity, customerOrderID, ISBN) values (5, 39, 651756);
insert into SoldBooks (quantity, customerOrderID, ISBN) values (21, 96, 831069);
insert into SoldBooks (quantity, customerOrderID, ISBN) values (12, 93, 831069);
insert into SoldBooks (quantity, customerOrderID, ISBN) values (71, 67, 942610);
insert into SoldBooks (quantity, customerOrderID, ISBN) values (54, 43, 831069);
insert into SoldBooks (quantity, customerOrderID, ISBN) values (94, 41, 82617);
insert into SoldBooks (quantity, customerOrderID, ISBN) values (77, 86, 936178);
insert into SoldBooks (quantity, customerOrderID, ISBN) values (27, 96, 660413);
insert into SoldBooks (quantity, customerOrderID, ISBN) values (85, 45, 456676);
insert into SoldBooks (quantity, customerOrderID, ISBN) values (4, 20, 153822);
insert into SoldBooks (quantity, customerOrderID, ISBN) values (15, 9, 218993);
insert into SoldBooks (quantity, customerOrderID, ISBN) values (63, 32, 12345);
insert into SoldBooks (quantity, customerOrderID, ISBN) values (3, 82, 253919);
insert into SoldBooks (quantity, customerOrderID, ISBN) values (86, 93, 580952);
insert into SoldBooks (quantity, customerOrderID, ISBN) values (100, 60, 815824);
insert into SoldBooks (quantity, customerOrderID, ISBN) values (19, 88, 831069);
insert into SoldBooks (quantity, customerOrderID, ISBN) values (100, 91, 831069);
insert into SoldBooks (quantity, customerOrderID, ISBN) values (22, 60, 253919);
insert into SoldBooks (quantity, customerOrderID, ISBN) values (11, 95, 580952);
insert into SoldBooks (quantity, customerOrderID, ISBN) values (47, 31, 651756);
insert into SoldBooks (quantity, customerOrderID, ISBN) values (16, 88, 946983);
insert into SoldBooks (quantity, customerOrderID, ISBN) values (43, 35, 82617);
insert into SoldBooks (quantity, customerOrderID, ISBN) values (9, 85, 456676);
insert into SoldBooks (quantity, customerOrderID, ISBN) values (46, 14, 580952);
insert into SoldBooks (quantity, customerOrderID, ISBN) values (15, 14, 831069);
insert into SoldBooks (quantity, customerOrderID, ISBN) values (17, 25, 815824);
insert into SoldBooks (quantity, customerOrderID, ISBN) values (76, 6, 946983);
insert into SoldBooks (quantity, customerOrderID, ISBN) values (27, 41, 580952);
insert into SoldBooks (quantity, customerOrderID, ISBN) values (36, 15, 153822);
insert into SoldBooks (quantity, customerOrderID, ISBN) values (4, 8, 370245);
insert into SoldBooks (quantity, customerOrderID, ISBN) values (15, 89, 805414);
insert into SoldBooks (quantity, customerOrderID, ISBN) values (12, 74, 192399);
insert into SoldBooks (quantity, customerOrderID, ISBN) values (37, 32, 815824);
insert into SoldBooks (quantity, customerOrderID, ISBN) values (44, 99, 660413);
insert into SoldBooks (quantity, customerOrderID, ISBN) values (6, 71, 936178);
insert into SoldBooks (quantity, customerOrderID, ISBN) values (64, 54, 435077);
insert into SoldBooks (quantity, customerOrderID, ISBN) values (5, 34, 539880);
insert into SoldBooks (quantity, customerOrderID, ISBN) values (41, 31, 946983);
insert into SoldBooks (quantity, customerOrderID, ISBN) values (43, 79, 805414);
insert into SoldBooks (quantity, customerOrderID, ISBN) values (13, 81, 456676);
insert into SoldBooks (quantity, customerOrderID, ISBN) values (42, 37, 539880);
insert into SoldBooks (quantity, customerOrderID, ISBN) values (98, 38, 153822);
insert into SoldBooks (quantity, customerOrderID, ISBN) values (67, 55, 456676);
insert into SoldBooks (quantity, customerOrderID, ISBN) values (39, 52, 435077);
insert into SoldBooks (quantity, customerOrderID, ISBN) values (13, 38, 435077);
insert into SoldBooks (quantity, customerOrderID, ISBN) values (42, 60, 843580);
insert into SoldBooks (quantity, customerOrderID, ISBN) values (48, 1, 370245);
insert into SoldBooks (quantity, customerOrderID, ISBN) values (42, 33, 946983);
insert into SoldBooks (quantity, customerOrderID, ISBN) values (27, 90, 942610);
insert into SoldBooks (quantity, customerOrderID, ISBN) values (97, 91, 153822);
insert into SoldBooks (quantity, customerOrderID, ISBN) values (79, 88, 192399);
insert into SoldBooks (quantity, customerOrderID, ISBN) values (41, 2, 942610);
insert into SoldBooks (quantity, customerOrderID, ISBN) values (51, 74, 942610);
insert into SoldBooks (quantity, customerOrderID, ISBN) values (16, 47, 946983);
insert into SoldBooks (quantity, customerOrderID, ISBN) values (39, 85, 82617);
insert into SoldBooks (quantity, customerOrderID, ISBN) values (73, 11, 843580);
insert into SoldBooks (quantity, customerOrderID, ISBN) values (35, 7, 539880);
insert into SoldBooks (quantity, customerOrderID, ISBN) values (70, 56, 660413);
insert into SoldBooks (quantity, customerOrderID, ISBN) values (80, 75, 456676);
insert into SoldBooks (quantity, customerOrderID, ISBN) values (46, 37, 12345);
insert into SoldBooks (quantity, customerOrderID, ISBN) values (97, 38, 218993);
insert into SoldBooks (quantity, customerOrderID, ISBN) values (88, 71, 805414);
insert into SoldBooks (quantity, customerOrderID, ISBN) values (50, 67, 936178);
insert into SoldBooks (quantity, customerOrderID, ISBN) values (83, 35, 218993);
insert into SoldBooks (quantity, customerOrderID, ISBN) values (22, 26, 815824);
insert into SoldBooks (quantity, customerOrderID, ISBN) values (33, 18, 456676);
insert into SoldBooks (quantity, customerOrderID, ISBN) values (25, 53, 370245);
insert into SoldBooks (quantity, customerOrderID, ISBN) values (50, 75, 831069);
insert into SoldBooks (quantity, customerOrderID, ISBN) values (16, 92, 12345);
insert into SoldBooks (quantity, customerOrderID, ISBN) values (37, 45, 370245);
insert into SoldBooks (quantity, customerOrderID, ISBN) values (97, 59, 580952);
insert into SoldBooks (quantity, customerOrderID, ISBN) values (73, 20, 192399);
insert into SoldBooks (quantity, customerOrderID, ISBN) values (38, 41, 651756);
insert into SoldBooks (quantity, customerOrderID, ISBN) values (29, 87, 946983);
insert into SoldBooks (quantity, customerOrderID, ISBN) values (53, 8, 946983);
insert into SoldBooks (quantity, customerOrderID, ISBN) values (77, 39, 946983);
insert into SoldBooks (quantity, customerOrderID, ISBN) values (32, 17, 185962);
insert into SoldBooks (quantity, customerOrderID, ISBN) values (35, 99, 253919);
insert into SoldBooks (quantity, customerOrderID, ISBN) values (66, 27, 936178);
insert into SoldBooks (quantity, customerOrderID, ISBN) values (82, 14, 12345);
insert into SoldBooks (quantity, customerOrderID, ISBN) values (88, 32, 942610);
insert into SoldBooks (quantity, customerOrderID, ISBN) values (8, 21, 12345);
insert into SoldBooks (quantity, customerOrderID, ISBN) values (27, 58, 456676);
insert into SoldBooks (quantity, customerOrderID, ISBN) values (21, 40, 843580);
insert into SoldBooks (quantity, customerOrderID, ISBN) values (11, 90, 936178);
insert into SoldBooks (quantity, customerOrderID, ISBN) values (39, 16, 831069);
insert into SoldBooks (quantity, customerOrderID, ISBN) values (43, 40, 660413);
insert into SoldBooks (quantity, customerOrderID, ISBN) values (44, 98, 153822);
insert into SoldBooks (quantity, customerOrderID, ISBN) values (83, 43, 435077);
insert into SoldBooks (quantity, customerOrderID, ISBN) values (18, 13, 843580);
insert into SoldBooks (quantity, customerOrderID, ISBN) values (64, 16, 539880);
insert into SoldBooks (quantity, customerOrderID, ISBN) values (11, 95, 843580);
insert into SoldBooks (quantity, customerOrderID, ISBN) values (32, 58, 82617);
insert into SoldBooks (quantity, customerOrderID, ISBN) values (86, 25, 153822);
insert into SoldBooks (quantity, customerOrderID, ISBN) values (38, 81, 936178);
insert into SoldBooks (quantity, customerOrderID, ISBN) values (62, 86, 153822);
insert into SoldBooks (quantity, customerOrderID, ISBN) values (39, 36, 660413);
insert into SoldBooks (quantity, customerOrderID, ISBN) values (97, 67, 843580);
insert into SoldBooks (quantity, customerOrderID, ISBN) values (87, 56, 946983);
insert into SoldBooks (quantity, customerOrderID, ISBN) values (85, 19, 253919);
insert into SoldBooks (quantity, customerOrderID, ISBN) values (69, 84, 539880);
insert into SoldBooks (quantity, customerOrderID, ISBN) values (12, 69, 185962);
insert into SoldBooks (quantity, customerOrderID, ISBN) values (85, 14, 936178);
insert into SoldBooks (quantity, customerOrderID, ISBN) values (50, 4, 218993);
insert into SoldBooks (quantity, customerOrderID, ISBN) values (1, 72, 12345);
insert into SoldBooks (quantity, customerOrderID, ISBN) values (16, 79, 370245);
insert into SoldBooks (quantity, customerOrderID, ISBN) values (16, 91, 815824);
insert into SoldBooks (quantity, customerOrderID, ISBN) values (82, 84, 831069);
insert into SoldBooks (quantity, customerOrderID, ISBN) values (64, 94, 946983);
insert into SoldBooks (quantity, customerOrderID, ISBN) values (25, 41, 218993);
insert into SoldBooks (quantity, customerOrderID, ISBN) values (100, 2, 815824);
insert into SoldBooks (quantity, customerOrderID, ISBN) values (61, 59, 82617);
insert into SoldBooks (quantity, customerOrderID, ISBN) values (23, 54, 936178);
insert into SoldBooks (quantity, customerOrderID, ISBN) values (98, 18, 942610);
insert into SoldBooks (quantity, customerOrderID, ISBN) values (43, 17, 435077);
insert into SoldBooks (quantity, customerOrderID, ISBN) values (47, 98, 831069);
insert into SoldBooks (quantity, customerOrderID, ISBN) values (24, 37, 370245);
insert into SoldBooks (quantity, customerOrderID, ISBN) values (34, 6, 12345);
insert into SoldBooks (quantity, customerOrderID, ISBN) values (68, 36, 218993);
insert into SoldBooks (quantity, customerOrderID, ISBN) values (23, 83, 12345);
insert into SoldBooks (quantity, customerOrderID, ISBN) values (89, 54, 580952);
insert into SoldBooks (quantity, customerOrderID, ISBN) values (36, 46, 651756);
insert into SoldBooks (quantity, customerOrderID, ISBN) values (59, 50, 12345);
insert into SoldBooks (quantity, customerOrderID, ISBN) values (5, 76, 153822);
insert into SoldBooks (quantity, customerOrderID, ISBN) values (99, 63, 831069);
insert into SoldBooks (quantity, customerOrderID, ISBN) values (33, 7, 370245);
insert into SoldBooks (quantity, customerOrderID, ISBN) values (88, 78, 942610);
insert into SoldBooks (quantity, customerOrderID, ISBN) values (13, 24, 253919);
insert into SoldBooks (quantity, customerOrderID, ISBN) values (36, 78, 580952);
insert into SoldBooks (quantity, customerOrderID, ISBN) values (34, 98, 815824);
insert into SoldBooks (quantity, customerOrderID, ISBN) values (46, 87, 942610);
insert into SoldBooks (quantity, customerOrderID, ISBN) values (54, 51, 82617);
insert into SoldBooks (quantity, customerOrderID, ISBN) values (93, 42, 831069);
insert into SoldBooks (quantity, customerOrderID, ISBN) values (88, 51, 192399);
insert into SoldBooks (quantity, customerOrderID, ISBN) values (90, 20, 651756);
insert into SoldBooks (quantity, customerOrderID, ISBN) values (84, 89, 185962);
insert into SoldBooks (quantity, customerOrderID, ISBN) values (1, 53, 435077);
insert into SoldBooks (quantity, customerOrderID, ISBN) values (46, 69, 370245);
insert into SoldBooks (quantity, customerOrderID, ISBN) values (100, 21, 843580);
insert into SoldBooks (quantity, customerOrderID, ISBN) values (95, 100, 192399);
insert into SoldBooks (quantity, customerOrderID, ISBN) values (7, 77, 370245);
insert into SoldBooks (quantity, customerOrderID, ISBN) values (86, 15, 12345);
insert into SoldBooks (quantity, customerOrderID, ISBN) values (45, 74, 580952);
insert into SoldBooks (quantity, customerOrderID, ISBN) values (73, 83, 218993);
insert into SoldBooks (quantity, customerOrderID, ISBN) values (12, 27, 253919);
insert into SoldBooks (quantity, customerOrderID, ISBN) values (23, 23, 12345);
insert into SoldBooks (quantity, customerOrderID, ISBN) values (47, 21, 153822);
insert into SoldBooks (quantity, customerOrderID, ISBN) values (9, 22, 942610);
insert into SoldBooks (quantity, customerOrderID, ISBN) values (8, 44, 435077);
insert into SoldBooks (quantity, customerOrderID, ISBN) values (43, 39, 370245);
insert into SoldBooks (quantity, customerOrderID, ISBN) values (11, 33, 942610);
insert into SoldBooks (quantity, customerOrderID, ISBN) values (73, 21, 539880);
insert into SoldBooks (quantity, customerOrderID, ISBN) values (71, 74, 815824);
insert into SoldBooks (quantity, customerOrderID, ISBN) values (68, 68, 815824);
insert into SoldBooks (quantity, customerOrderID, ISBN) values (89, 66, 843580);
insert into SoldBooks (quantity, customerOrderID, ISBN) values (45, 83, 843580);
insert into SoldBooks (quantity, customerOrderID, ISBN) values (29, 85, 435077);
insert into SoldBooks (quantity, customerOrderID, ISBN) values (3, 30, 942610);
insert into SoldBooks (quantity, customerOrderID, ISBN) values (41, 75, 539880);
insert into SoldBooks (quantity, customerOrderID, ISBN) values (56, 22, 456676);
insert into SoldBooks (quantity, customerOrderID, ISBN) values (64, 11, 831069);
insert into SoldBooks (quantity, customerOrderID, ISBN) values (98, 48, 651756);
insert into SoldBooks (quantity, customerOrderID, ISBN) values (52, 49, 370245);
insert into SoldBooks (quantity, customerOrderID, ISBN) values (76, 42, 370245);
insert into SoldBooks (quantity, customerOrderID, ISBN) values (55, 85, 12345);
insert into SoldBooks (quantity, customerOrderID, ISBN) values (97, 68, 218993);
insert into SoldBooks (quantity, customerOrderID, ISBN) values (7, 56, 82617);
insert into SoldBooks (quantity, customerOrderID, ISBN) values (43, 3, 946983);
insert into SoldBooks (quantity, customerOrderID, ISBN) values (1, 6, 82617);
insert into SoldBooks (quantity, customerOrderID, ISBN) values (98, 70, 12345);
insert into SoldBooks (quantity, customerOrderID, ISBN) values (80, 61, 651756);
insert into SoldBooks (quantity, customerOrderID, ISBN) values (42, 22, 580952);
insert into SoldBooks (quantity, customerOrderID, ISBN) values (23, 57, 370245);
insert into SoldBooks (quantity, customerOrderID, ISBN) values (36, 65, 435077);
insert into SoldBooks (quantity, customerOrderID, ISBN) values (61, 64, 185962);
insert into SoldBooks (quantity, customerOrderID, ISBN) values (42, 38, 805414);
insert into SoldBooks (quantity, customerOrderID, ISBN) values (46, 13, 651756);
insert into SoldBooks (quantity, customerOrderID, ISBN) values (70, 87, 831069);
insert into SoldBooks (quantity, customerOrderID, ISBN) values (24, 84, 580952);
insert into SoldBooks (quantity, customerOrderID, ISBN) values (4, 49, 192399);
insert into SoldBooks (quantity, customerOrderID, ISBN) values (31, 1, 843580);
insert into SoldBooks (quantity, customerOrderID, ISBN) values (44, 92, 370245);
insert into SoldBooks (quantity, customerOrderID, ISBN) values (51, 7, 253919);
insert into SoldBooks (quantity, customerOrderID, ISBN) values (28, 76, 651756);
insert into SoldBooks (quantity, customerOrderID, ISBN) values (78, 96, 218993);
insert into SoldBooks (quantity, customerOrderID, ISBN) values (8, 18, 435077);
insert into SoldBooks (quantity, customerOrderID, ISBN) values (39, 13, 942610);
insert into SoldBooks (quantity, customerOrderID, ISBN) values (63, 23, 253919);
insert into SoldBooks (quantity, customerOrderID, ISBN) values (61, 77, 456676);
insert into SoldBooks (quantity, customerOrderID, ISBN) values (68, 36, 192399);
insert into SoldBooks (quantity, customerOrderID, ISBN) values (63, 19, 580952);
insert into SoldBooks (quantity, customerOrderID, ISBN) values (81, 99, 651756);
insert into SoldBooks (quantity, customerOrderID, ISBN) values (58, 20, 946983);
insert into SoldBooks (quantity, customerOrderID, ISBN) values (51, 16, 942610);
insert into SoldBooks (quantity, customerOrderID, ISBN) values (33, 62, 660413);
insert into SoldBooks (quantity, customerOrderID, ISBN) values (88, 73, 370245);
insert into SoldBooks (quantity, customerOrderID, ISBN) values (48, 30, 946983);
insert into SoldBooks (quantity, customerOrderID, ISBN) values (79, 34, 831069);
insert into SoldBooks (quantity, customerOrderID, ISBN) values (85, 95, 815824);
insert into SoldBooks (quantity, customerOrderID, ISBN) values (48, 47, 815824);
insert into SoldBooks (quantity, customerOrderID, ISBN) values (38, 61, 82617);
insert into SoldBooks (quantity, customerOrderID, ISBN) values (59, 29, 651756);
insert into SoldBooks (quantity, customerOrderID, ISBN) values (94, 61, 185962);
insert into SoldBooks (quantity, customerOrderID, ISBN) values (59, 62, 370245);
insert into SoldBooks (quantity, customerOrderID, ISBN) values (94, 8, 218993);
insert into SoldBooks (quantity, customerOrderID, ISBN) values (68, 89, 435077);
insert into SoldBooks (quantity, customerOrderID, ISBN) values (23, 17, 12345);
insert into SoldBooks (quantity, customerOrderID, ISBN) values (32, 33, 831069);
insert into SoldBooks (quantity, customerOrderID, ISBN) values (38, 8, 12345);
insert into SoldBooks (quantity, customerOrderID, ISBN) values (29, 4, 192399);
insert into SoldBooks (quantity, customerOrderID, ISBN) values (22, 90, 218993);
insert into SoldBooks (quantity, customerOrderID, ISBN) values (6, 31, 435077);
insert into SoldBooks (quantity, customerOrderID, ISBN) values (34, 51, 370245);
insert into SoldBooks (quantity, customerOrderID, ISBN) values (94, 45, 936178);
insert into SoldBooks (quantity, customerOrderID, ISBN) values (97, 86, 82617);
insert into SoldBooks (quantity, customerOrderID, ISBN) values (93, 47, 253919);
insert into SoldBooks (quantity, customerOrderID, ISBN) values (89, 41, 153822);
insert into SoldBooks (quantity, customerOrderID, ISBN) values (34, 25, 843580);
insert into SoldBooks (quantity, customerOrderID, ISBN) values (67, 71, 942610);
insert into SoldBooks (quantity, customerOrderID, ISBN) values (62, 50, 82617);
insert into SoldBooks (quantity, customerOrderID, ISBN) values (39, 80, 946983);
insert into SoldBooks (quantity, customerOrderID, ISBN) values (21, 48, 218993);
insert into SoldBooks (quantity, customerOrderID, ISBN) values (2, 47, 936178);
insert into SoldBooks (quantity, customerOrderID, ISBN) values (23, 94, 82617);
insert into SoldBooks (quantity, customerOrderID, ISBN) values (87, 81, 805414);
insert into SoldBooks (quantity, customerOrderID, ISBN) values (1, 5, 660413);
insert into SoldBooks (quantity, customerOrderID, ISBN) values (12, 39, 192399);
insert into SoldBooks (quantity, customerOrderID, ISBN) values (32, 20, 456676);
insert into SoldBooks (quantity, customerOrderID, ISBN) values (7, 38, 946983);
insert into SoldBooks (quantity, customerOrderID, ISBN) values (88, 58, 539880);
insert into SoldBooks (quantity, customerOrderID, ISBN) values (50, 96, 942610);
insert into SoldBooks (quantity, customerOrderID, ISBN) values (19, 42, 192399);
insert into SoldBooks (quantity, customerOrderID, ISBN) values (48, 79, 936178);
insert into SoldBooks (quantity, customerOrderID, ISBN) values (45, 70, 435077);
insert into SoldBooks (quantity, customerOrderID, ISBN) values (29, 26, 651756);
insert into SoldBooks (quantity, customerOrderID, ISBN) values (46, 12, 651756);
insert into SoldBooks (quantity, customerOrderID, ISBN) values (48, 17, 651756);
insert into SoldBooks (quantity, customerOrderID, ISBN) values (68, 29, 218993);
insert into SoldBooks (quantity, customerOrderID, ISBN) values (97, 30, 580952);
insert into SoldBooks (quantity, customerOrderID, ISBN) values (69, 43, 936178);
insert into SoldBooks (quantity, customerOrderID, ISBN) values (18, 93, 815824);
insert into SoldBooks (quantity, customerOrderID, ISBN) values (45, 87, 539880);
insert into SoldBooks (quantity, customerOrderID, ISBN) values (3, 62, 580952);
insert into SoldBooks (quantity, customerOrderID, ISBN) values (67, 13, 580952);
insert into SoldBooks (quantity, customerOrderID, ISBN) values (19, 6, 435077);
insert into SoldBooks (quantity, customerOrderID, ISBN) values (28, 81, 539880);
insert into SoldBooks (quantity, customerOrderID, ISBN) values (15, 69, 12345);
insert into SoldBooks (quantity, customerOrderID, ISBN) values (26, 28, 942610);
insert into SoldBooks (quantity, customerOrderID, ISBN) values (73, 64, 805414);
insert into SoldBooks (quantity, customerOrderID, ISBN) values (66, 84, 946983);
insert into SoldBooks (quantity, customerOrderID, ISBN) values (52, 99, 946983);
insert into SoldBooks (quantity, customerOrderID, ISBN) values (3, 31, 82617);
insert into SoldBooks (quantity, customerOrderID, ISBN) values (57, 25, 539880);
insert into SoldBooks (quantity, customerOrderID, ISBN) values (3, 53, 253919);
insert into SoldBooks (quantity, customerOrderID, ISBN) values (44, 56, 942610);
insert into SoldBooks (quantity, customerOrderID, ISBN) values (26, 30, 843580);
insert into SoldBooks (quantity, customerOrderID, ISBN) values (67, 54, 815824);
insert into SoldBooks (quantity, customerOrderID, ISBN) values (39, 40, 435077);
insert into SoldBooks (quantity, customerOrderID, ISBN) values (59, 14, 456676);
insert into SoldBooks (quantity, customerOrderID, ISBN) values (96, 83, 185962);
insert into SoldBooks (quantity, customerOrderID, ISBN) values (47, 78, 815824);
insert into SoldBooks (quantity, customerOrderID, ISBN) values (23, 57, 942610);
insert into SoldBooks (quantity, customerOrderID, ISBN) values (70, 99, 192399);
insert into SoldBooks (quantity, customerOrderID, ISBN) values (76, 22, 82617);
insert into SoldBooks (quantity, customerOrderID, ISBN) values (73, 69, 253919);
insert into SoldBooks (quantity, customerOrderID, ISBN) values (92, 13, 805414);
insert into SoldBooks (quantity, customerOrderID, ISBN) values (48, 33, 253919);
insert into SoldBooks (quantity, customerOrderID, ISBN) values (63, 59, 942610);
insert into SoldBooks (quantity, customerOrderID, ISBN) values (18, 42, 815824);
insert into SoldBooks (quantity, customerOrderID, ISBN) values (7, 56, 815824);
insert into SoldBooks (quantity, customerOrderID, ISBN) values (7, 14, 805414);
insert into SoldBooks (quantity, customerOrderID, ISBN) values (16, 64, 435077);
insert into SoldBooks (quantity, customerOrderID, ISBN) values (32, 65, 12345);
insert into SoldBooks (quantity, customerOrderID, ISBN) values (17, 67, 192399);
insert into SoldBooks (quantity, customerOrderID, ISBN) values (19, 48, 253919);
insert into SoldBooks (quantity, customerOrderID, ISBN) values (18, 17, 831069);
insert into SoldBooks (quantity, customerOrderID, ISBN) values (91, 82, 192399);
insert into SoldBooks (quantity, customerOrderID, ISBN) values (95, 50, 660413);
insert into SoldBooks (quantity, customerOrderID, ISBN) values (13, 98, 651756);
insert into SoldBooks (quantity, customerOrderID, ISBN) values (75, 2, 831069);
insert into SoldBooks (quantity, customerOrderID, ISBN) values (72, 59, 153822);
insert into SoldBooks (quantity, customerOrderID, ISBN) values (71, 21, 942610);
insert into SoldBooks (quantity, customerOrderID, ISBN) values (17, 42, 660413);
insert into SoldBooks (quantity, customerOrderID, ISBN) values (11, 7, 843580);
insert into SoldBooks (quantity, customerOrderID, ISBN) values (35, 80, 942610);
insert into SoldBooks (quantity, customerOrderID, ISBN) values (67, 85, 370245);
insert into SoldBooks (quantity, customerOrderID, ISBN) values (85, 14, 942610);
insert into SoldBooks (quantity, customerOrderID, ISBN) values (75, 57, 815824);
insert into SoldBooks (quantity, customerOrderID, ISBN) values (46, 48, 942610);
insert into SoldBooks (quantity, customerOrderID, ISBN) values (99, 32, 946983);
insert into SoldBooks (quantity, customerOrderID, ISBN) values (95, 31, 843580);
insert into SoldBooks (quantity, customerOrderID, ISBN) values (53, 16, 946983);
insert into SoldBooks (quantity, customerOrderID, ISBN) values (84, 12, 843580);
insert into SoldBooks (quantity, customerOrderID, ISBN) values (70, 41, 831069);
insert into SoldBooks (quantity, customerOrderID, ISBN) values (25, 34, 82617);
insert into SoldBooks (quantity, customerOrderID, ISBN) values (22, 16, 185962);
insert into SoldBooks (quantity, customerOrderID, ISBN) values (86, 49, 539880);
insert into SoldBooks (quantity, customerOrderID, ISBN) values (61, 45, 831069);
insert into SoldBooks (quantity, customerOrderID, ISBN) values (61, 92, 218993);
insert into SoldBooks (quantity, customerOrderID, ISBN) values (22, 48, 456676);
insert into SoldBooks (quantity, customerOrderID, ISBN) values (8, 90, 660413);
insert into SoldBooks (quantity, customerOrderID, ISBN) values (87, 44, 218993);
insert into SoldBooks (quantity, customerOrderID, ISBN) values (1, 93, 253919);
insert into SoldBooks (quantity, customerOrderID, ISBN) values (75, 83, 946983);
insert into SoldBooks (quantity, customerOrderID, ISBN) values (79, 27, 456676);
insert into SoldBooks (quantity, customerOrderID, ISBN) values (52, 33, 936178);
insert into SoldBooks (quantity, customerOrderID, ISBN) values (46, 96, 805414);
insert into SoldBooks (quantity, customerOrderID, ISBN) values (42, 13, 435077);
insert into SoldBooks (quantity, customerOrderID, ISBN) values (6, 64, 942610);
insert into SoldBooks (quantity, customerOrderID, ISBN) values (80, 1, 651756);
insert into SoldBooks (quantity, customerOrderID, ISBN) values (72, 24, 185962);
insert into SoldBooks (quantity, customerOrderID, ISBN) values (16, 100, 660413);
insert into SoldBooks (quantity, customerOrderID, ISBN) values (33, 77, 946983);
insert into SoldBooks (quantity, customerOrderID, ISBN) values (92, 77, 660413);
insert into SoldBooks (quantity, customerOrderID, ISBN) values (35, 52, 456676);
insert into SoldBooks (quantity, customerOrderID, ISBN) values (23, 40, 946983);
insert into SoldBooks (quantity, customerOrderID, ISBN) values (1, 19, 185962);
insert into SoldBooks (quantity, customerOrderID, ISBN) values (53, 28, 651756);
insert into SoldBooks (quantity, customerOrderID, ISBN) values (7, 25, 651756);
insert into SoldBooks (quantity, customerOrderID, ISBN) values (76, 9, 946983);
insert into SoldBooks (quantity, customerOrderID, ISBN) values (61, 12, 253919);
insert into SoldBooks (quantity, customerOrderID, ISBN) values (58, 83, 651756);
insert into SoldBooks (quantity, customerOrderID, ISBN) values (95, 8, 805414);
insert into SoldBooks (quantity, customerOrderID, ISBN) values (34, 76, 192399);
insert into SoldBooks (quantity, customerOrderID, ISBN) values (13, 22, 218993);
insert into SoldBooks (quantity, customerOrderID, ISBN) values (6, 95, 12345);
insert into SoldBooks (quantity, customerOrderID, ISBN) values (84, 63, 946983);
insert into SoldBooks (quantity, customerOrderID, ISBN) values (67, 78, 456676);
insert into SoldBooks (quantity, customerOrderID, ISBN) values (66, 99, 435077);
insert into SoldBooks (quantity, customerOrderID, ISBN) values (79, 97, 456676);
insert into SoldBooks (quantity, customerOrderID, ISBN) values (4, 67, 660413);
insert into SoldBooks (quantity, customerOrderID, ISBN) values (70, 72, 580952);
insert into SoldBooks (quantity, customerOrderID, ISBN) values (21, 95, 805414);
insert into SoldBooks (quantity, customerOrderID, ISBN) values (79, 45, 843580);
insert into SoldBooks (quantity, customerOrderID, ISBN) values (2, 51, 185962);
insert into SoldBooks (quantity, customerOrderID, ISBN) values (17, 48, 843580);
insert into SoldBooks (quantity, customerOrderID, ISBN) values (27, 67, 82617);
insert into SoldBooks (quantity, customerOrderID, ISBN) values (78, 15, 218993);
insert into SoldBooks (quantity, customerOrderID, ISBN) values (16, 4, 843580);
insert into SoldBooks (quantity, customerOrderID, ISBN) values (30, 39, 12345);
insert into SoldBooks (quantity, customerOrderID, ISBN) values (35, 4, 456676);
insert into SoldBooks (quantity, customerOrderID, ISBN) values (79, 5, 942610);
insert into SoldBooks (quantity, customerOrderID, ISBN) values (48, 75, 253919);
insert into SoldBooks (quantity, customerOrderID, ISBN) values (69, 19, 370245);
insert into SoldBooks (quantity, customerOrderID, ISBN) values (99, 80, 539880);
insert into SoldBooks (quantity, customerOrderID, ISBN) values (62, 86, 370245);
insert into SoldBooks (quantity, customerOrderID, ISBN) values (2, 90, 815824);
insert into SoldBooks (quantity, customerOrderID, ISBN) values (35, 65, 936178);
insert into SoldBooks (quantity, customerOrderID, ISBN) values (95, 88, 435077);
insert into SoldBooks (quantity, customerOrderID, ISBN) values (67, 29, 936178);
insert into SoldBooks (quantity, customerOrderID, ISBN) values (52, 72, 815824);
insert into SoldBooks (quantity, customerOrderID, ISBN) values (86, 97, 946983);
insert into SoldBooks (quantity, customerOrderID, ISBN) values (51, 55, 946983);
insert into SoldBooks (quantity, customerOrderID, ISBN) values (5, 28, 831069);
insert into SoldBooks (quantity, customerOrderID, ISBN) values (25, 58, 370245);
insert into SoldBooks (quantity, customerOrderID, ISBN) values (72, 42, 456676);
insert into SoldBooks (quantity, customerOrderID, ISBN) values (73, 54, 12345);
insert into SoldBooks (quantity, customerOrderID, ISBN) values (87, 42, 253919);
insert into SoldBooks (quantity, customerOrderID, ISBN) values (55, 4, 805414);
insert into SoldBooks (quantity, customerOrderID, ISBN) values (55, 91, 843580);
insert into SoldBooks (quantity, customerOrderID, ISBN) values (32, 70, 651756);
insert into SoldBooks (quantity, customerOrderID, ISBN) values (17, 56, 936178);
insert into SoldBooks (quantity, customerOrderID, ISBN) values (34, 100, 580952);
insert into SoldBooks (quantity, customerOrderID, ISBN) values (37, 4, 651756);